{
  "logistic_regression": {
    "cv_best_score": 0.9882430213464696,
    "validation": {
      "accuracy": 0.9148936170212766,
      "precision": 1.0,
      "recall": 0.7333333333333333,
      "roc_auc": 0.9541666666666666
    },
    "test": {
      "accuracy": 0.9787234042553191,
      "precision": 1.0,
      "recall": 0.9375,
      "roc_auc": 0.995967741935484
    }
  },
  "random_forest": {
    "cv_best_score": 0.9942857142857143,
    "validation": {
      "accuracy": 0.9787234042553191,
      "precision": 1.0,
      "recall": 0.9333333333333333,
      "roc_auc": 1.0
    },
    "test": {
      "accuracy": 1.0,
      "precision": 1.0,
      "recall": 1.0,
      "roc_auc": 1.0
    }
  },
  "gradient_boosting": {
    "cv_best_score": 0.9933333333333334,
    "validation": {
      "accuracy": 1.0,
      "precision": 1.0,
      "recall": 1.0,
      "roc_auc": 1.0
    },
    "test": {
      "accuracy": 1.0,
      "precision": 1.0,
      "recall": 1.0,
      "roc_auc": 1.0
    }
  },
  "baselines": {
    "majority_class": {
      "accuracy": 0.6595744680851063,
      "precision": 0.0,
      "recall": 0.0,
      "roc_auc": 0.5
    },
    "stratified_random": {
      "accuracy": 0.7021276595744681,
      "precision": 0.5833333333333334,
      "recall": 0.4375,
      "roc_auc": 0.6381048387096775
    }
  }
}